0.3209,-0.6859,-0.6524,-0.8499,-0.9946,-0.0990,0.1876,-0.4175,-0.5370,0.4139,0.4060,-0.0919,-0.2201
0.3748,0.8478,0.5757,0.2501,0.3224,0.8673,-0.1497,0.0891,0.2953,0.8168,0.6533,-0.8572,0.3177
-0.6682,-0.3848,0.4979,0.1384,-0.4228,-0.7513,0.3774,0.3995,0.8854,0.0009,-0.0124,-0.8391,0.2571
-0.9203,-0.1359,-0.3554,-0.4993,-0.8173,0.9238,0.6719,0.1504,0.9016,0.9991,0.3446,-0.4610,0.1251
-0.9195,0.5125,-0.0590,0.3030,0.8321,-0.6370,0.1707,0.2696,-0.0165,-0.8175,-0.3041,-0.3334,-0.4713
0.3403,0.7155,-0.3404,0.3873,-0.4236,0.8904,0.6271,0.1002,-0.0903,-0.3710,-0.3535,0.9404,0.2434
-0.1916,0.0292,0.9762,0.3153,0.0852,-0.1735,-0.6248,-0.2764,0.5129,0.2508,0.5200,-0.5929,-0.0056
0.0984,0.8553,-0.1238,0.3965,-0.7571,0.9463,0.2177,-0.5214,-0.6832,0.1017,0.1045,-0.8136,0.0842
0.9845,0.8259,-0.0771,-0.7651,0.6643,-0.0032,0.4332,0.0177,-0.4532,0.6694,0.9605,-0.5125,0.8131
0.1025,-0.2328,0.8437,0.0165,0.7587,0.7281,-0.4475,0.5800,-0.1701,0.8685,0.0155,0.6411,-0.0239
-0.4343,-0.4029,0.1739,0.9978,-0.0207,-0.7028,0.0772,-0.3098,0.1038,0.0869,-0.0893,-0.3564,0.1750
-0.6227,0.3950,0.1436,-0.5329,0.5511,-0.9127,0.4894,0.4105,0.6228,-0.2278,0.3274,0.6415,-0.2460
0.9616,-0.0093,-0.9260,0.0046,0.1804,0.7394,0.7484,-0.1194,0.0519,-0.0861,0.4449,-0.1800,-0.0090
0.3096,-0.6913,-0.0610,0.9384,-0.3229,0.3854,0.2997,0.7035,0.7047,0.7187,-0.2400,-0.3667,-0.2140
0.4374,0.5188,0.7448,-0.9282,-0.8632,0.2623,0.8419,0.9949,0.4935,-0.1321,-0.8031,0.2675,0.2269
0.7452,-0.1126,0.3880,0.8068,-0.9080,0.5923,-0.4133,-0.2503,-0.7089,0.0623,0.1319,0.5850,-0.0839
-0.6600,-0.8421,0.7417,0.2394,-0.5183,0.8257,-0.7138,-0.0777,-0.4920,-0.4893,-0.9812,0.6093,0.5558
0.8024,0.3552,-0.6840,-0.1165,-0.3089,0.1751,0.2779,-0.1514,-0.4998,0.6906,-0.6016,-0.2306,0.2850
-0.0336,-0.5256,0.1438,0.1496,0.9854,-0.4095,0.9559,0.3165,-0.4510,0.1319,0.3716,0.4893,0.0177
-0.9019,0.2128,-0.0065,0.8083,-0.4276,0.5977,0.2141,-0.2954,0.2732,0.2418,0.3555,0.4419,-0.1919
0.3184,0.6767,0.2565,0.8068,0.2927,-0.3821,-0.1184,0.1591,0.4647,-0.8197,-0.4098,0.4950,0.2154
-0.6487,-0.7357,0.0788,0.9430,0.0617,0.8270,0.6609,-0.4861,0.6494,-0.0363,0.6130,0.4931,0.4773
-0.3226,-0.7697,0.9258,-0.7185,0.9330,0.7203,0.4484,0.9599,0.9345,0.6092,-0.2684,0.5814,0.2483
-0.9722,0.0731,-0.0904,0.3457,0.3447,0.1691,0.6448,0.8806,-0.7833,-0.5324,-0.9500,0.7685,-0.0711
0.1228,0.8305,-0.5573,-0.8736,0.6477,0.8188,-0.3956,-0.1834,-0.7204,0.8925,-0.3913,-0.0148,0.1020
-0.8056,0.7745,-0.7287,-0.0927,0.3410,0.4863,0.8919,-0.1617,0.4845,-0.6910,-0.1702,-0.8020,-0.6240
-0.0213,-0.1838,0.9030,-0.9346,-0.2589,-0.1132,0.9011,0.7109,-0.8013,0.3714,0.0889,0.9557,0.0039
-0.2827,-0.2037,-0.6204,-0.7557,0.6961,-0.0906,0.3255,0.2834,0.1943,-0.9573,0.5736,-0.5129,0.0576
-0.7482,0.1292,-0.8628,0.5303,-0.5857,-0.5681,0.7394,-0.3429,-0.7049,0.8011,-0.9943,0.7168,-0.0966
-0.7106,-0.7400,-0.4987,-0.6510,0.3221,-0.9484,-0.9703,0.5800,-0.5241,-0.3525,-0.6515,-0.8952,0.5259
0.4834,0.0522,0.4913,-0.0475,0.5560,0.0265,-0.7819,0.0077,0.8908,-0.9133,0.5665,0.7340,0.0252
0.0429,-0.0839,0.9281,-0.8783,-0.0420,-0.1968,0.3722,-0.0195,0.8194,-0.8530,-0.8384,0.2166,-0.0036
-0.8686,-0.4500,0.2662,0.0967,-0.3496,0.9893,0.0611,-0.0926,0.2109,-0.8016,0.4036,0.7056,0.3909
0.3018,0.5379,0.4417,-0.5700,-0.0969,-0.5430,-0.3221,-0.0930,-0.1680,-0.8098,-0.1465,0.3302,0.1624
-0.2514,-0.6947,0.8460,-0.8657,0.6635,-0.8135,-0.8069,0.4776,0.6235,0.1127,0.1729,0.1232,0.1747
-0.3407,-0.7555,-0.2928,0.3307,0.5006,0.7362,0.4421,0.9368,0.2008,-0.2967,0.1558,-0.5745,0.2574
0.3135,-0.5515,-0.7836,0.6907,-0.2649,0.5252,0.1482,0.6144,0.6903,0.9491,0.6369,0.2271,-0.1729
0.2854,-0.9475,0.8582,0.6589,-0.4651,-0.6392,0.4054,-0.3820,-0.3204,-0.9878,0.7397,0.1326,-0.2704
-0.1984,-0.7163,0.2663,-0.9387,0.4922,-0.5697,-0.1603,-0.3182,-0.2599,0.4432,0.5537,0.1352,0.1421
-0.8301,-0.8948,-0.6852,0.2357,0.3479,-0.4558,0.3239,-0.0287,-0.1159,-0.4537,0.5099,-0.7724,0.7427
-0.1402,-0.4335,0.3570,-0.0267,0.3343,-0.9092,-0.2095,0.1986,-0.9846,-0.3972,-0.5775,-0.7255,0.0608
-0.4890,-0.3438,-0.9845,0.4940,-0.6486,-0.2396,0.4073,0.0005,0.6667,0.6124,-0.8558,0.7235,0.1681
-0.9154,-0.9625,0.8423,0.7242,0.1515,0.1468,0.4190,-0.1646,-0.7697,-0.9583,-0.3505,0.6026,0.8811
0.2363,0.6641,0.8395,-0.8237,0.6890,-0.5134,0.1777,0.0479,-0.2085,-0.3795,-0.3210,-0.3339,0.1569
-0.6637,0.0210,-0.7719,0.0199,0.8118,-0.3012,0.4548,0.6379,0.6301,-0.5275,-0.7071,-0.6055,-0.0139
0.2048,0.5204,0.3110,-0.6457,0.5457,-0.0118,0.5089,0.5198,-0.1022,0.8483,0.1290,0.2706,0.1066
0.2490,0.7285,0.2544,-0.6981,-0.8634,-0.1156,-0.3944,-0.4507,-0.8877,0.0147,-0.3792,-0.0962,0.1814
-0.8862,0.6634,-0.8465,0.7285,0.7106,0.2300,0.0141,-0.0746,0.1086,0.5836,0.7918,-0.1005,-0.5879
0.6196,0.3037,-0.3569,-0.0487,-0.6983,-0.8763,-0.7930,0.7983,-0.3131,0.4286,0.0091,-0.6549,0.1882
-0.5045,-0.1245,-0.1212,0.0455,-0.6825,-0.2543,-0.4342,-0.1825,-0.3233,0.1958,0.5785,0.2946,0.0628
-0.8682,-0.8110,0.3568,-0.4317,0.4475,0.3131,0.8127,0.7466,-0.3333,0.1655,-0.7171,-0.3004,0.7041
0.9354,0.3970,-0.2161,0.1901,0.8760,-0.3808,-0.2466,0.5833,0.6264,0.3402,0.6579,0.4775,0.3713
0.3708,0.0528,0.2920,-0.1532,-0.2763,-0.2748,-0.6395,-0.5716,0.8953,-0.0275,-0.5469,-0.7249,0.0196
-0.8457,0.6889,-0.7977,0.5417,0.6702,0.7674,-0.9245,-0.3265,0.5326,-0.7379,-0.2466,-0.6755,-0.5825
0.6627,0.5422,0.6181,-0.6689,-0.1247,-0.1783,0.3527,-0.5249,-0.1116,-0.4301,0.4971,-0.1021,0.3593
0.0680,-0.3811,0.6172,-0.0620,0.6702,-0.2643,0.8943,0.9689,-0.0766,-0.4365,-0.2363,0.0549,-0.0259
0.9325,0.6338,0.6025,-0.7232,-0.5000,0.2824,0.7482,0.1091,-0.7948,0.6918,0.7023,-0.4299,0.5910
0.5262,-0.4544,0.8106,-0.7053,-0.1251,0.8928,-0.5559,-0.0977,-0.3008,-0.9467,-0.8935,0.0040,-0.2391
-0.5284,0.9891,-0.2502,-0.9436,0.8617,0.6784,0.2999,0.5828,-0.7248,-0.4262,0.6595,0.3921,-0.5227
-0.7224,0.4111,-0.1028,-0.9895,-0.8415,-0.4882,0.6699,0.0976,0.4545,0.0555,-0.7776,-0.4238,-0.2970
-0.3977,-0.9045,-0.1603,0.5878,-0.0858,-0.7783,0.8103,0.1935,-0.9671,0.0308,-0.5161,-0.7128,0.3597
-0.1415,0.2296,-0.5189,-0.1669,0.3287,-0.8288,0.9493,-0.8646,0.0521,0.0147,0.9767,0.1083,-0.0325
-0.2191,-0.0597,0.2713,0.9621,-0.4927,-0.9675,0.5770,-0.3104,0.4659,0.2565,0.5430,0.4704,0.0131
-0.3350,-0.9113,0.0920,0.6270,-0.6498,0.5583,-0.0708,0.3908,0.2635,0.6230,-0.8738,0.5524,0.3053
-0.0846,-0.4131,-0.9124,-0.6011,-0.9162,0.8667,0.0308,0.9782,0.0861,-0.4934,0.5066,-0.6178,0.0350
-0.2861,0.5617,0.7316,-0.3362,-0.7510,-0.2640,0.7790,0.4866,0.7893,-0.2267,0.9474,-0.0076,-0.1607
-0.0050,0.8486,0.0386,0.6023,0.4542,-0.8421,0.2049,0.6447,0.0909,-0.3576,-0.8399,0.3218,-0.0042
-0.3870,0.2052,-0.1478,0.3795,-0.2969,-0.9153,0.7401,-0.2949,0.9963,-0.4509,0.9601,0.8958,-0.0794
-0.8499,0.2750,-0.2734,0.6022,0.3588,0.9056,-0.7144,0.2151,0.5626,-0.9304,-0.8655,0.5570,-0.2337
-0.2673,-0.2343,0.1345,0.2102,0.3581,0.8976,-0.2560,0.5262,0.1478,0.0589,-0.2039,0.2991,0.0626
-0.5008,-0.7731,0.4713,-0.0019,-0.2260,0.1233,-0.4764,-0.4794,-0.1075,0.9927,-0.4288,0.8330,0.3872
-0.0176,-0.7547,0.7057,-0.0959,0.7974,-0.1098,-0.8244,0.3639,0.6910,-0.3608,-0.3051,-0.8701,0.0133
0.0843,0.7827,0.7027,0.4236,0.8546,0.2754,0.5874,0.0175,-0.7573,-0.5980,-0.7222,0.5807,0.0660
-0.9474,0.1080,-0.2622,0.6073,0.1033,0.2239,-0.8276,-0.3814,0.9992,0.4377,0.0514,0.5383,-0.1024
0.6467,-0.8525,0.9448,0.2847,-0.1001,0.3602,-0.3110,0.7559,0.5605,0.2796,-0.6361,0.9325,-0.5513
-0.1348,0.8214,-0.8892,-0.7517,-0.6940,-0.6707,-0.3547,0.4187,-0.3080,0.8818,0.7899,0.6919,-0.1107
-0.4988,0.2701,0.1017,-0.7497,-0.3944,0.0670,0.0051,-0.6627,0.8832,-0.6916,0.3175,0.4413,-0.1347
0.2103,0.6851,0.1272,0.6505,-0.9433,-0.9091,0.2829,0.1535,0.3023,0.5339,-0.1668,0.2780,0.1441
-0.0039,0.2543,-0.4207,0.9133,-0.0341,0.6094,0.3700,-0.4051,-0.8541,-0.8802,-0.1208,-0.0315,-0.0010
-0.5920,0.2133,-0.3748,0.4367,0.4684,0.7216,0.9507,-0.7385,-0.2589,0.1233,-0.3618,-0.0671,-0.1263
-0.4651,-0.5042,-0.8064,-0.4196,-0.2317,0.2308,-0.5035,0.7306,-0.6806,-0.3451,0.1554,-0.3746,0.2345
0.5262,-0.0035,0.0294,-0.0025,-0.3829,-0.9536,0.8905,0.0109,0.9334,-0.5697,-0.2942,-0.8989,-0.0018
-0.0102,0.7647,0.3085,-0.0588,0.0734,0.6943,-0.1381,0.7649,0.4550,0.5277,-0.2681,-0.1988,-0.0078
0.1406,-0.6107,0.1064,-0.8529,0.0085,0.5288,-0.4406,0.9782,0.3608,-0.7624,0.9502,-0.2122,-0.0858
0.5898,-0.3218,0.8779,0.5099,-0.6019,0.0182,0.0002,-0.9094,-0.7259,-0.3339,-0.0525,-0.0860,-0.1898
0.2125,0.0310,-0.3441,0.2261,-0.6750,0.9812,0.4786,-0.4015,-0.3273,0.6566,0.0647,0.4175,0.0066
-0.4004,0.6315,-0.2633,0.3476,0.9598,0.1674,0.5935,0.4506,0.3761,-0.9467,-0.0508,0.9341,-0.2529
0.5658,0.5523,0.1553,0.4428,0.1670,-0.6590,0.2581,0.2395,0.6823,-0.7044,0.3615,-0.9369,0.3125
0.8964,-0.7802,-0.9621,-0.3726,-0.6971,0.3810,-0.1792,0.5499,0.8410,0.7456,0.4717,-0.8754,-0.6994
-0.7238,-0.5853,-0.3499,0.3245,0.0510,-0.3725,-0.6536,0.8242,-0.3153,-0.2914,0.5440,0.4418,0.4237
0.2866,0.3866,0.2202,-0.6155,-0.5070,0.1162,-0.5503,0.9458,-0.4048,-0.4220,-0.5854,0.4100,0.1108
-0.3659,-0.3024,0.8674,0.5908,-0.4531,-0.7563,0.3532,-0.2406,0.9603,0.6368,0.9092,0.6092,0.1107
-0.4191,-0.4247,0.4283,-0.3073,-0.1152,-0.4871,-0.0418,-0.5959,0.0772,0.8660,0.3923,-0.7255,0.1780
0.2314,0.1737,-0.5151,0.3397,0.0621,0.2759,-0.8950,-0.1734,0.4347,-0.7989,0.5415,-0.9896,0.0402
0.1007,0.8582,-0.1862,0.8701,0.7568,-0.0451,-0.6011,0.9278,-0.3577,0.2918,0.8159,-0.8211,0.0864
0.1483,0.0703,0.4462,0.8733,0.8265,-0.6499,0.7645,-0.6484,0.8393,0.9943,-0.2060,-0.0092,0.0104
0.8732,0.9243,0.8521,0.7535,-0.9815,0.1359,-0.7854,0.9660,-0.4309,0.9782,0.0866,-0.0122,0.8071
0.8771,0.7021,-0.0640,-0.6144,-0.7747,-0.6750,-0.0822,-0.4855,-0.6276,0.4732,0.5815,0.1356,0.6158
0.5146,-0.6490,0.7123,0.7941,0.6540,0.0306,-0.8265,0.3385,-0.6304,-0.7188,-0.3528,-0.5039,-0.3340
-0.4784,-0.5290,0.5075,0.9081,-0.3961,0.4458,-0.9771,0.3074,0.3855,-0.8758,-0.7636,-0.3864,0.2531
-0.1892,0.0050,0.7902,0.4071,-0.3780,-0.7652,0.8323,-0.4099,0.2293,-0.5617,-0.7329,-0.6936,-0.0010
0.4955,0.2115,-0.1683,0.0985,-0.0583,0.0750,0.3282,-0.5632,-0.5051,0.5095,0.7463,-0.8363,0.1048
-0.1065,0.4075,-0.8438,0.1283,-0.8765,0.0953,0.0110,0.1454,-0.7003,-0.3438,0.0407,-0.7675,-0.0434
-0.5892,0.1663,-0.8181,0.0208,0.6174,-0.0931,0.0265,-0.0864,-0.8845,-0.0752,0.6138,0.4466,-0.0980
-0.2081,0.6329,0.4916,0.1566,-0.9094,-0.3109,-0.8725,0.9882,0.8692,-0.8620,0.8676,-0.9365,-0.1317
-0.1823,0.5379,0.5317,0.9567,0.2918,-0.1593,0.9857,-0.2350,0.7392,0.8135,-0.2487,0.3655,-0.0980
0.3236,0.0786,0.3071,-0.3045,-0.6431,0.0745,0.0577,0.4557,-0.5546,-0.9931,-0.9545,-0.4033,0.0254
0.3470,0.0889,0.0639,0.6467,-0.5050,-0.3077,-0.4487,0.8748,0.4500,-0.7743,0.6190,-0.1615,0.0308
0.5321,0.7675,-0.9687,-0.5878,-0.7982,-0.9328,0.1956,0.4066,-0.9026,0.4811,-0.1955,-0.5313,0.4084
-0.5655,0.7275,-0.8871,0.0078,-0.4215,0.6316,0.4630,-0.3622,0.1958,0.3451,-0.3587,-0.3965,-0.4114
-0.7135,0.3204,-0.5579,-0.3990,-0.8781,0.8970,0.7594,0.8232,0.2520,-0.1456,-0.0088,0.9446,-0.2286
0.8832,0.3427,0.5716,-0.3625,-0.1674,-0.7016,-0.2471,0.5088,-0.0530,0.6987,-0.3985,0.4152,0.3027
0.6116,0.8295,0.1248,0.9356,0.1146,-0.7318,-0.5143,-0.5933,0.2934,0.8445,0.6943,-0.8151,0.5073
0.4492,-0.6190,-0.4631,0.3473,0.2058,0.7472,-0.6237,0.5234,0.4486,0.1177,-0.0412,0.7389,-0.2781
-0.3341,0.9140,-0.9693,0.8743,0.9242,-0.7654,0.9991,-0.0422,-0.5148,0.2088,-0.5910,0.8303,-0.3054
0.1042,0.5510,-0.2387,0.0673,-0.2815,-0.4769,0.0256,-0.0054,-0.8028,0.9626,-0.0610,0.6795,0.0574
0.8287,-0.2586,-0.1721,0.1250,-0.5575,-0.7082,-0.4785,0.8695,0.1583,-0.1648,-0.6952,-0.3403,-0.2143
-0.2403,0.6667,-0.0014,0.3092,0.3697,-0.4853,0.6432,0.9330,0.2834,-0.0188,-0.6635,0.5900,-0.1602
-0.6615,0.4406,-0.0234,0.8338,0.0843,0.2836,-0.8825,-0.9324,0.6934,0.8904,0.3364,0.5287,-0.2915
-0.1752,0.6851,-0.5371,0.4143,-0.9817,0.0115,-0.2536,0.2357,0.3335,0.2330,-0.0336,-0.0243,-0.1200
-0.9868,0.1033,-0.9763,0.0588,-0.4505,0.9550,-0.9657,0.6263,0.3481,0.6123,0.8195,-0.7860,-0.1019
-0.8074,-0.7022,-0.6161,0.0529,0.6304,-0.4654,-0.2062,-0.2539,-0.1879,0.1300,0.9805,-0.5483,0.5669
0.3681,0.6957,0.3075,0.7164,0.5192,-0.8130,-0.2415,0.1054,-0.8878,-0.9811,-0.6572,-0.0003,0.2561
-0.1322,0.5688,0.1317,0.7159,-0.8093,0.0563,-0.9149,-0.5772,0.7362,0.7751,-0.0490,-0.9069,-0.0752
-0.8513,0.8512,0.7986,0.1270,-0.9342,0.8575,-0.3710,0.9229,0.1741,0.5045,0.4254,-0.2034,-0.7246
-0.8461,-0.6751,-0.5191,0.6693,-0.2217,0.7931,-0.3365,0.5112,-0.7201,0.9770,0.4483,0.0016,0.5712
0.9486,-0.8926,-0.1258,0.6773,-0.3188,0.5380,0.9097,-0.2066,0.5471,-0.9407,-0.4533,0.9852,-0.8468
-0.0188,-0.2884,0.8823,-0.1363,0.3594,0.3213,-0.8286,0.2372,0.5961,0.4262,-0.8359,-0.6916,0.0054
0.4234,0.2678,0.4793,-0.3666,-0.7869,-0.9896,-0.3835,-0.2802,-0.4605,-0.7350,-0.6252,-0.1023,0.1134
0.1095,-0.1839,-0.9475,-0.2922,-0.8139,0.1961,-0.3511,-0.2295,-0.4163,-0.2244,-0.8306,0.8023,-0.0201
0.8104,0.9563,0.1439,-0.6608,-0.2385,-0.7223,-0.3977,-0.0138,-0.8735,-0.1306,-0.1578,-0.0315,0.7750
-0.8462,-0.4966,-0.5068,0.2501,0.1876,-0.6089,-0.7861,-0.3907,0.8976,-0.3356,0.2404,0.6082,0.4202
-0.3409,-0.3305,0.6310,0.7190,0.9485,-0.7278,-0.3587,0.8946,-0.5983,-0.3716,0.9291,0.9375,0.1127
-0.4171,0.3899,-0.0180,0.1518,-0.5152,-0.2479,0.6330,-0.2141,-0.7722,0.1277,0.1845,0.0913,-0.1626
0.3634,0.1002,0.9060,-0.0768,0.4167,-0.1231,-0.4173,0.3857,0.6379,0.5913,-0.1817,-0.0014,0.0364
0.2667,-0.5160,0.3173,0.4305,0.5782,-0.8521,0.9814,-0.0415,-0.1984,0.0132,0.8408,0.3834,-0.1376
0.0873,0.5814,-0.2809,0.7910,0.0738,0.2764,-0.8300,0.5379,0.3152,-0.2900,0.2940,-0.9114,0.0508
0.9672,0.3549,-0.2008,0.5054,0.9314,-0.1391,-0.9789,-0.4825,0.0214,0.0376,0.1610,0.1505,0.3433
-0.1084,-0.2177,0.5447,0.1772,0.0009,-0.3101,-0.9509,-0.7909,-0.1680,0.9235,-0.7679,0.8814,0.0236
-0.7166,-0.3762,-0.0893,-0.5863,-0.0341,-0.0477,-0.1237,0.3935,-0.3622,-0.3995,0.6204,-0.7698,0.2696
0.6984,0.2959,0.3543,-0.6713,0.9678,-0.5122,-0.6511,-0.6797,0.1197,0.9169,-0.5363,-0.1899,0.2067
-0.6311,0.2810,-0.1357,-0.9416,0.2282,-0.6054,0.1844,-0.2223,0.4095,-0.5884,0.5047,0.6175,-0.1773
-0.8749,-0.7965,0.7440,-0.6261,-0.3480,-0.0849,-0.4753,0.7253,0.0554,0.2782,0.1939,0.2226,0.6968
0.1740,-0.3042,0.6910,0.2347,0.6275,0.4120,-0.4051,0.2290,-0.8305,-0.7321,-0.7643,-0.3892,-0.0529
-0.6339,0.3869,0.0216,-0.1635,-0.7243,-0.2326,-0.6285,0.2710,0.3869,0.2905,0.9998,0.1098,-0.2452
-0.0207,-0.7194,-0.3708,-0.0980,-0.8928,-0.2819,-0.9808,-0.7269,0.6304,0.9277,0.0109,-0.0101,0.0149
0.3694,-0.1687,0.6798,-0.0226,-0.8347,-0.9383,0.5221,-0.4158,-0.4503,0.0752,-0.6636,-0.0854,-0.0623
0.4850,0.5318,0.0995,-0.7736,-0.7716,0.5502,0.6466,-0.2663,0.6452,-0.9168,0.4380,0.0927,0.2580
0.9796,-0.7952,0.6601,0.5027,-0.4046,0.9986,-0.1005,-0.3028,0.6335,-0.1219,0.9879,0.5513,-0.7789
-0.5261,0.6214,0.1758,-0.2987,0.4215,0.2655,-0.6680,-0.7215,-0.5868,-0.5861,-0.8813,-0.2984,-0.3269
-0.4378,0.0775,-0.3527,0.4081,-0.4213,-0.4653,0.7160,0.9710,0.3586,-0.8095,0.9255,0.5714,-0.0339
0.8375,0.9850,0.7341,-0.7462,0.7322,-0.5006,0.4228,0.6570,0.5229,0.3525,-0.0211,0.1549,0.8250
-0.4626,-0.1715,-0.0960,0.2673,0.7603,-0.8138,0.0312,-0.4435,0.8727,-0.2619,0.9005,-0.3454,0.0794
-0.9951,0.5483,0.4654,0.4619,-0.0831,0.3283,-0.2836,-0.8733,0.0688,-0.5643,-0.1407,-0.5763,-0.5456
-0.4629,0.6567,-0.3245,0.1559,0.1323,-0.0293,-0.3125,0.3651,-0.9032,-0.8009,0.5678,-0.0808,-0.3040
-0.7515,0.7153,-0.1174,-0.9986,0.9161,-0.5954,0.3772,-0.7362,0.3000,-0.6820,0.8655,-0.4520,-0.5376
0.3092,-0.4992,-0.2563,0.8076,-0.6689,-0.2073,-0.3890,0.3989,-0.5317,0.3110,0.4074,-0.9978,-0.1543
-0.0464,-0.7346,-0.5476,0.3600,-0.9814,0.3912,0.6342,0.9763,-0.1554,-0.7356,-0.8583,-0.2339,0.0341
0.4615,-0.7951,-0.3733,0.7620,-0.7257,0.5469,0.5063,-0.7337,0.9859,-0.7143,0.0610,-0.9831,-0.3670
0.3000,-0.1198,0.4449,0.2562,-0.6973,-0.1766,0.3731,0.7199,-0.8266,-0.7991,0.5049,0.1791,-0.0359
-0.2319,0.9265,-0.3710,-0.7203,-0.4461,-0.8315,0.1068,0.2000,0.2152,0.5579,0.3810,0.6958,-0.2149
0.3168,-0.3967,0.0355,0.0190,0.4957,-0.4089,-0.8909,0.7958,0.9093,-0.0102,-0.7745,-0.0008,-0.1257
0.1879,0.0566,0.9554,0.9738,0.8678,-0.7360,0.7216,0.1368,-0.2692,0.3659,0.5255,0.9089,0.0106
0.5407,-0.9666,-0.8649,-0.4756,-0.9203,-0.8791,0.5786,0.0132,0.2571,0.0021,-0.1691,0.4036,-0.5227
-0.8351,0.0731,0.2321,-0.4451,-0.3802,0.0226,-0.5936,0.6161,0.0728,-0.2185,0.2686,0.6691,-0.0611
0.3621,-0.8678,0.3974,0.4599,0.6929,-0.8842,-0.8276,-0.1310,-0.0933,0.2177,-0.3814,0.4834,-0.3142
0.4813,-0.7611,0.4158,0.4030,-0.6723,0.9060,0.0460,0.5660,0.4415,-0.6661,-0.7461,0.5622,-0.3663
-0.4625,0.7728,0.5429,-0.9413,0.6142,-0.4560,-0.8723,0.4246,0.1533,-0.8459,-0.0896,-0.2798,-0.3574
-0.0008,0.1338,-0.2646,-0.4898,-0.7942,0.1478,0.4456,-0.5432,0.0176,-0.9119,0.7259,-0.5109,-0.0001
-0.0565,-0.2340,-0.6998,0.8623,0.7150,0.1057,0.8279,0.4813,-0.1613,-0.3564,-0.1675,0.4406,0.0132
-0.4575,-0.8442,-0.2544,0.0041,0.8039,-0.6413,0.6087,0.9628,0.9082,-0.8621,-0.0698,-0.4354,0.3862
0.6897,-0.3454,0.1062,-0.9841,-0.5987,0.1276,-0.3922,0.2454,-0.0721,0.1834,-0.0133,0.5452,-0.2382
-0.6092,0.8009,0.5210,-0.5097,-0.9872,-0.1799,-0.5340,-0.3072,0.6791,0.7544,0.9020,-0.9971,-0.4879
0.3146,0.6980,0.4544,-0.7921,0.0596,-0.5237,-0.0159,-0.8802,0.9939,0.4233,-0.8139,0.8425,0.2196
0.7946,0.0395,0.4017,-0.2550,0.9491,-0.8302,-0.8088,-0.7330,0.6399,-0.8503,0.1356,-0.1300,0.0314
0.9284,-0.5265,-0.4780,-0.3700,0.6016,0.4015,0.4707,-0.3639,-0.4561,-0.8506,-0.5946,0.5599,-0.4888
0.1694,-0.6892,-0.6713,-0.0679,-0.1870,0.0718,0.9293,-0.5847,-0.3834,-0.4700,-0.7602,-0.6848,-0.1168
0.3721,0.6528,0.3938,-0.9193,0.6718,-0.3444,-0.8176,-0.5036,-0.2885,0.0269,0.3544,-0.4797,0.2429
0.9814,-0.9378,-0.1912,-0.0956,0.4962,-0.5003,-0.0759,0.6078,-0.7204,-0.9761,0.6607,0.9651,-0.9203
-0.7386,0.6473,-0.2555,0.2606,0.2894,0.1646,-0.4824,0.6255,-0.9564,-0.8711,0.8050,-0.1131,-0.4781
-0.7424,0.8102,0.6587,-0.3369,-0.9146,-0.0780,-0.6640,0.1478,0.6434,-0.2100,-0.9410,0.3664,-0.6015
-0.6544,-0.5706,-0.6257,-0.4403,0.7668,-0.9307,0.2384,-0.5084,-0.4098,-0.1760,0.1014,-0.8780,0.3734
-0.4404,-0.7255,-0.6011,0.7693,0.0516,0.2615,0.6043,0.5897,0.9788,0.5638,-0.2818,0.0890,0.3196
-0.0306,0.8254,0.0048,-0.2232,-0.6404,-0.3622,-0.5620,0.7915,0.5571,-0.8828,0.9831,0.0589,-0.0253
0.5337,0.9992,0.9480,-0.7997,0.3137,-0.4669,0.6326,0.8345,-0.8882,0.9928,-0.5612,0.6930,0.5333
0.5948,-0.2904,0.6784,0.6904,-0.6478,0.1850,0.6124,0.3953,0.8280,-0.9436,0.4011,0.8951,-0.1727
0.1272,0.1262,-0.6235,0.9760,0.7633,-0.0155,-0.3819,-0.0191,-0.8195,-0.5348,-0.5624,0.0529,0.0161
-0.9986,0.8358,-0.5971,-0.7390,0.4339,0.8376,0.6886,-0.3528,-0.9562,0.1732,0.8344,0.5487,-0.8346
0.6930,0.7213,0.9211,-0.2528,0.8838,-0.2088,-0.7979,-0.3965,-0.7271,-0.6850,0.8974,0.5837,0.4999
0.9213,0.2984,-0.6516,0.9375,0.3871,0.8577,0.5740,-0.5535,0.1779,-0.6493,-0.3864,0.3770,0.2749
-0.7453,0.4577,0.8976,0.8974,-0.2168,0.9886,0.9304,-0.9352,0.2048,0.8421,0.9351,-0.5582,-0.3411
0.1311,0.8734,-0.7187,0.4907,-0.5240,0.9648,-0.6642,0.7706,-0.8225,0.4179,0.2782,0.7733,0.1145
-0.1067,-0.4696,-0.5009,-0.8644,-0.4867,-0.7839,-0.9974,-0.2281,0.4652,0.9382,0.7691,-0.0138,0.0501
-0.2426,0.0920,-0.7971,-0.0410,0.7281,0.3019,0.3743,-0.6747,-0.8526,0.6915,-0.4102,-0.3626,-0.0223
0.9033,-0.8516,-0.6598,-0.2491,0.4640,0.0941,0.7962,-0.8138,0.1881,0.2273,-0.0345,-0.9380,-0.7693
0.8849,-0.6700,0.7795,-0.6858,-0.7975,-0.5889,-0.6200,0.3944,0.4441,0.4599,-0.4695,-0.4370,-0.5929
-0.5249,-0.9007,0.1435,0.6797,-0.6928,-0.2783,-0.1448,-0.4109,0.3240,0.2004,-0.6007,-0.9485,0.4728
-0.6583,-0.4164,-0.8361,0.6875,-0.3833,-0.2051,-0.0218,0.3221,-0.8177,0.0883,-0.6302,0.7710,0.2741
-0.2612,-0.1084,-0.4734,-0.0699,-0.5475,-0.4629,-0.8767,0.5045,0.3349,-0.8286,-0.3124,0.0829,0.0283
0.9414,0.1795,0.1072,0.6816,0.6368,-0.1627,0.0710,0.7338,-0.0504,0.7633,-0.0475,-0.8421,0.1689
0.8056,0.4286,0.0042,0.8009,0.6009,0.3551,0.2405,-0.7594,0.5144,-0.6542,0.9687,0.9443,0.3453
0.6169,-0.7476,-0.1533,0.9766,-0.1292,0.9945,0.2545,0.6682,-0.4842,0.8216,0.8283,-0.8660,-0.4612
-0.2238,-0.2053,-0.3477,-0.4476,-0.0837,0.7469,0.5731,0.2461,0.0451,-0.1608,-0.1711,-0.7036,0.0459
0.1759,0.5168,0.8793,0.8499,0.1254,-0.7980,-0.4278,0.0713,-0.3123,-0.1782,-0.2339,-0.0288,0.0909
0.2179,-0.9251,-0.4492,-0.7123,0.2173,0.3873,-0.9224,0.7791,-0.3370,-0.5248,0.4915,0.8417,-0.2016
0.7941,-0.9595,0.6348,-0.3939,-0.4393,-0.0168,0.3924,-0.8036,0.7378,-0.7312,0.9484,-0.1138,-0.7619
0.6516,-0.4612,-0.1665,0.2911,-0.6241,-0.5772,0.6479,0.4819,0.5190,0.7344,0.6420,0.0305,-0.3005
-0.6821,-0.3778,0.0136,-0.7287,0.7026,0.7587,-0.9421,-0.6145,0.6659,0.6740,-0.5010,-0.0871,0.2576
0.8361,0.4093,-0.4520,0.6470,0.0103,0.2708,-0.7523,-0.9389,-0.2551,0.1881,-0.6448,0.7410,0.3422
0.1738,-0.3005,-0.6730,0.7890,0.4979,0.3777,-0.4299,-0.2269,-0.6742,0.1445,0.9298,0.7142,-0.0522
0.2948,0.3554,-0.4618,-0.1810,-0.9599,0.5606,0.5351,-0.9822,0.8230,0.2947,0.2023,-0.9831,0.1048
-0.4952,0.6102,-0.3891,0.9340,0.2855,-0.1524,-0.2470,-0.3026,-0.4960,-0.0666,0.3544,0.6486,-0.3022
-0.2057,-0.7954,0.0230,0.3247,0.6866,-0.2515,0.2947,0.2181,-0.4030,-0.7838,-0.8723,0.9767,0.1636
0.2812,0.7230,-0.4777,0.4222,0.7847,-0.4024,-0.7001,0.5309,0.7994,0.6109,0.6047,0.2001,0.2033
0.3211,0.3615,0.4426,0.3108,0.9949,-0.4811,-0.1629,-0.2235,-0.9294,0.4161,0.1441,-0.6202,0.1161
0.4531,-0.5553,0.0693,0.5698,0.8131,0.3437,0.0146,0.6908,0.6813,0.7530,-0.6377,-0.8048,-0.2516
-0.7441,-0.4827,0.6167,0.5258,-0.6339,0.3594,-0.3287,-0.8214,-0.2894,0.4884,-0.3858,0.5762,0.3592
-0.3374,-0.4789,-0.4119,0.7024,-0.0589,0.7328,0.1671,0.8886,-0.8576,0.7789,0.0010,0.7350,0.1616
-0.2367,-0.4033,-0.8919,0.7085,-0.7253,-0.5994,-0.1816,0.1388,0.8132,-0.0849,-0.3672,0.4313,0.0954
0.5579,-0.0248,0.2621,-0.6464,0.2690,-0.9906,-0.4529,0.5224,-0.6628,0.5290,-0.0208,0.5271,-0.0139
-0.8239,0.2290,0.2670,-0.1932,0.9307,-0.2334,-0.9245,-0.6012,-0.2538,-0.9718,-0.3556,0.6665,-0.1886
-0.6188,0.3535,0.2534,-0.5024,0.3870,-0.3113,-0.7421,-0.2329,0.1773,-0.6660,0.6477,-0.4036,-0.2188
-0.4183,0.4557,0.1927,-0.3243,0.7759,0.9909,-0.3145,0.8028,-0.2815,-0.6231,0.8962,0.8364,-0.1906
-0.1932,-0.5432,0.4543,-0.7376,0.4682,0.1794,-0.6620,-0.2668,0.3011,-0.9253,0.7531,-0.4884,0.1049
0.0695,-0.9028,0.9894,0.3239,0.3071,-0.9605,0.3795,-0.1664,-0.2395,0.0946,-0.0512,-0.6937,-0.0627
0.3904,0.2606,-0.3978,0.3233,0.3250,-0.4600,0.2113,-0.7257,0.6613,-0.7902,0.4375,-0.7645,0.1017
-0.7720,-0.7875,-0.6027,-0.6005,-0.4740,0.0463,-0.5967,0.4069,-0.4093,-0.9212,-0.0073,-0.5846,0.6079
0.8662,-0.3388,-0.9945,0.3433,0.8138,0.6705,0.3380,-0.7017,-0.8198,0.0234,0.4471,-0.7974,-0.2935
-0.4882,-0.5377,0.9773,-0.4080,-0.0714,-0.8004,-0.6506,-0.9211,-0.4189,0.6032,-0.3746,0.4771,0.2625
-0.8100,0.5164,-0.9082,0.7040,0.3267,-0.6590,-0.2849,-0.1246,0.2436,0.7570,-0.8141,0.6299,-0.4183
-0.6343,-0.1984,0.9246,-0.4563,-0.2286,0.7013,0.5998,0.2977,0.5938,-0.7739,0.3923,-0.8827,0.1259
0.8849,-0.6812,-0.1679,0.1815,0.6045,0.3568,-0.6375,-0.2405,-0.2828,-0.9424,0.3689,0.6771,-0.6028
0.9469,-0.7387,0.8408,-0.7741,-0.1774,-0.9081,-0.4768,-0.3715,0.4091,0.3559,0.5351,0.1533,-0.6995
0.1300,0.9558,0.3397,-0.3234,0.0462,0.4012,-0.8095,0.3234,-0.5028,-0.3085,0.3526,-0.2302,0.1243
0.6781,0.1167,0.9756,-0.8909,0.2868,-0.6861,0.6977,0.7037,0.7388,-0.8503,-0.0167,-0.5182,0.0791
0.9403,-0.8993,-0.5546,0.2866,-0.1934,-0.5300,-0.0818,0.6025,-0.1038,0.7132,-0.1059,-0.7626,-0.8456
-0.0053,0.3067,-0.7947,-0.1753,0.1143,-0.9997,-0.8182,0.2084,0.2381,-0.3908,0.0167,-0.5863,-0.0016
0.3429,0.9007,-0.2733,-0.8914,-0.5542,-0.0911,0.1203,0.2395,-0.0537,0.3143,0.4318,-0.7720,0.3089
0.5186,-0.5565,-0.3173,0.6598,0.9289,-0.4160,0.0440,0.4042,-0.9084,-0.6717,-0.7191,0.4337,-0.2886
0.4431,-0.7861,0.2217,-0.6249,0.8604,-0.2142,-0.0859,0.5628,0.4336,-0.7845,-0.1711,0.8533,-0.3483
0.6749,0.1776,0.5443,-0.0990,0.3169,0.9124,-0.7307,-0.0023,0.0607,-0.9029,0.8706,0.6776,0.1199
-0.0341,0.0167,0.8423,-0.6456,0.1571,0.4610,-0.7432,-0.2252,0.2011,0.7654,0.0082,-0.2307,-0.0006
0.9590,0.8318,0.5247,-0.4528,0.9272,0.9410,-0.0943,-0.7333,-0.1745,0.4000,0.4969,-0.4022,0.7977
0.4030,0.7214,0.4237,0.8710,0.2652,-0.5982,0.2483,-0.4188,-0.3094,0.3447,0.9627,0.3002,0.2907
0.9167,0.0078,0.3886,-0.3552,-0.7692,-0.2955,-0.0393,0.1413,0.3343,-0.1650,0.4957,0.6828,0.0071
-0.4281,0.6946,0.6166,0.0455,-0.9495,-0.7093,0.3405,-0.6002,0.5004,-0.6781,-0.4268,-0.4989,-0.2974
0.6788,0.3812,-0.4097,0.5072,-0.9354,0.6281,-0.7950,0.7361,0.4790,0.7297,0.4848,0.1225,0.2587
-0.5248,0.5686,0.5976,-0.4247,0.3290,0.8530,-0.2249,0.9134,0.9516,-0.3747,0.1042,-0.9741,-0.2984
-0.4973,0.2411,0.5618,0.7402,0.6600,0.8230,0.4093,0.2953,0.5102,0.0932,0.2068,0.5523,-0.1199
0.9286,-0.4116,-0.6451,0.3653,-0.6260,-0.6524,0.0277,-0.2456,-0.1430,0.1132,-0.7399,0.1680,-0.3822
-0.4900,-0.3389,0.4194,-0.6904,-0.6926,-0.3547,-0.8983,0.8648,0.2312,0.3238,-0.0189,0.1454,0.1660
-0.2838,0.5681,-0.3643,-0.5601,-0.6323,-0.8636,0.0103,-0.1681,0.0741,-0.8161,-0.5576,-0.5733,-0.1612
-0.3362,-0.2784,-0.5631,0.5053,0.0610,0.9933,0.6474,0.9623,-0.9824,0.3379,-0.1087,0.8090,0.0936
0.2274,0.2423,0.9178,0.3651,-0.3581,0.8319,0.8900,-0.2282,0.0805,-0.4343,0.8227,0.6442,0.0551
-0.2501,0.6056,-0.1089,-0.9123,0.7966,-0.6150,0.0278,0.8964,-0.6652,0.9126,0.0759,-0.9853,-0.1515
-0.8691,0.3407,0.5472,0.7299,-0.1516,-0.7921,0.0755,0.4055,0.9524,0.5504,0.2931,0.8795,-0.2961
0.4938,-0.6925,-0.0815,-0.3366,-0.8250,-0.8915,0.5884,0.1162,0.1499,-0.5447,-0.4827,-0.2239,-0.3419
0.2604,-0.1339,-0.9662,0.3466,0.0697,0.2828,0.2367,0.5119,0.1712,0.4018,-0.8548,0.8561,-0.0349
-0.7877,0.5738,-0.3973,-0.8270,0.5305,-0.1246,-0.2098,0.3214,-0.0520,0.0669,-0.7272,-0.2180,-0.4520
0.5950,0.0914,0.9203,-0.7118,0.3546,0.8283,0.5900,0.4586,-0.2537,0.8989,0.1070,0.1101,0.0544
-0.7535,-0.9899,0.1933,0.0743,0.8940,-0.3906,0.4966,0.8071,-0.3123,-0.1747,0.2919,0.0251,0.7459
-0.6781,-0.5584,0.6695,-0.6113,-0.6373,0.5993,0.7045,0.7028,0.8647,0.9886,-0.0775,0.0993,0.3787
-0.4187,-0.8653,-0.8036,0.4512,-0.0256,-0.3383,-0.7436,0.3109,-0.7999,0.2390,0.8002,-0.3644,0.3623
-0.0987,0.2327,-0.3886,0.1683,0.1311,-0.2710,-0.3673,-0.1434,-0.9903,-0.5076,-0.5569,0.4796,-0.0230
-0.1278,0.6802,-0.7314,0.4659,0.7558,-0.0743,-0.2825,-0.3891,0.1033,-0.6485,0.2133,0.6836,-0.0869
0.7174,-0.7200,0.0772,-0.4735,0.7727,-0.8471,-0.8492,-0.9627,0.0144,-0.9376,0.1638,-0.1897,-0.5165
0.1801,0.8126,0.1032,0.0869,0.9975,-0.0558,0.5504,-0.2684,-0.5534,0.5443,0.4665,-0.4180,0.1463
-0.0706,0.0208,-0.2064,0.0043,0.3254,0.6960,0.6131,0.2281,-0.6683,0.0283,-0.1076,-0.6417,-0.0015
0.8974,0.3188,0.9355,0.4718,-0.0330,-0.2824,-0.5624,-0.0247,-0.8743,-0.2611,-0.9144,-0.5865,0.2861
0.8155,-0.2775,-0.0607,-0.0907,-0.9071,0.9612,-0.3519,0.4075,0.0427,0.6593,0.6697,-0.4734,-0.2263
0.0887,-0.6523,0.3074,-0.2694,0.3067,0.6709,0.0333,-0.2473,0.8145,0.0327,-0.2942,0.7354,-0.0579
-0.0263,-0.0358,0.2084,0.0037,-0.7221,-0.6688,-0.8458,0.2870,-0.5770,-0.6262,-0.2756,0.4346,0.0009
-0.7633,-0.5393,0.6223,0.4405,-0.0370,-0.0424,-0.5786,-0.6775,0.6667,-0.9551,-0.9137,0.1470,0.4117
-0.6777,0.2591,-0.9216,0.1445,-0.8882,-0.4835,-0.6399,0.9165,0.1987,0.1272,-0.9628,0.4391,-0.1756
0.3235,-0.4331,-0.8285,-0.1016,0.9856,0.7346,-0.6589,0.6607,0.2017,0.5892,0.6409,-0.6362,-0.1401
0.3193,-0.4710,0.4484,-0.3147,-0.0931,0.1812,-0.5404,-0.2291,-0.7829,-0.5953,0.7192,0.0087,-0.1504
-0.1604,-0.7009,-0.8074,-0.0483,0.2295,-0.9219,0.5677,0.0067,-0.7650,-0.0355,-0.7393,0.2069,0.1124
0.6550,0.7939,0.5497,0.2985,0.0441,-0.2592,-0.9131,0.0596,-0.5410,0.6046,0.5791,-0.2375,0.5201
0.1781,0.4828,0.5231,0.3934,-0.8046,-0.7322,-0.0457,-0.5350,0.7181,-0.4335,0.7535,-0.1827,0.0860
-0.6220,0.4183,0.5788,0.1560,-0.7643,-0.9856,0.3091,0.3755,-0.3682,-0.2755,-0.6904,0.3032,-0.2602
-0.4927,0.7100,-0.1529,-0.2687,-0.4489,0.3612,0.5099,-0.1735,0.5676,-0.0351,-0.2596,0.1098,-0.3498
-0.4924,-0.3867,-0.3113,0.4110,0.4716,0.7100,0.3186,0.4956,-0.1068,0.3986,-0.6764,-0.5711,0.1904
-0.1989,-0.3231,0.1012,0.3941,0.4136,-0.6785,0.9291,-0.9894,-0.8178,-0.7093,0.8517,-0.1292,0.0643
-0.8718,-0.5565,-0.8399,-0.9245,-0.2313,0.9689,0.2279,0.0420,0.4232,0.1949,0.8914,0.6405,0.4851
0.2806,-0.1221,-0.5966,0.3138,0.6078,-0.4280,-0.9328,0.1990,0.0316,-0.5367,-0.6610,-0.9279,-0.0342
-0.5215,-0.9994,-0.6851,0.9936,0.5593,-0.2937,-0.2097,0.1722,0.0355,0.4739,-0.8628,-0.8197,0.5212
-0.4310,0.6595,0.8300,-0.3038,0.9266,-0.4470,0.2127,-0.6109,0.8594,0.1498,-0.4778,-0.1857,-0.2843
-0.7871,-0.8552,-0.4115,0.8940,0.6059,0.9134,0.7522,0.6263,0.1498,0.3884,0.9321,0.1263,0.6731
0.5399,0.5149,0.9225,-0.0823,-0.0786,0.1737,-0.9453,-0.7675,-0.8649,0.2673,0.9884,0.3538,0.2780
-0.5401,-0.3685,0.9109,0.0330,-0.9806,0.6644,-0.5035,-0.8140,0.3474,0.6421,-0.8479,0.8628,0.1991
-0.0469,-0.2929,0.7886,-0.4618,0.8942,0.3662,0.8199,-0.0020,-0.6007,0.4709,0.7455,-0.5864,0.0137
-0.5945,-0.5006,0.2372,-0.6880,-0.7866,0.8404,0.3516,0.3268,0.2277,0.5285,0.0829,-0.9155,0.2976
-0.0354,0.2413,-0.0153,0.9707,0.7940,0.7375,-0.0184,0.9688,0.8320,-0.4395,-0.5558,0.1533,-0.0085
-0.8917,0.5985,-0.0434,0.0815,0.0050,-0.2126,0.3727,-0.6504,0.9530,0.3965,-0.0799,0.3784,-0.5337
-0.9764,-0.5785,0.1620,-0.3491,0.2256,-0.4806,0.0971,-0.5257,-0.0573,0.2262,-0.2682,-0.0025,0.5648
-0.5789,0.4014,-0.2554,0.7087,-0.4407,-0.6402,-0.7377,0.1518,-0.5429,-0.8003,-0.4601,-0.5284,-0.2324
-0.1356,-0.2382,-0.7083,0.9183,-0.7009,0.6113,-0.6468,-0.0008,0.9911,0.6988,0.0340,0.4411,0.0323
0.5707,-0.3999,0.1243,0.1357,-0.2032,0.3811,-0.8799,0.6276,-0.0469,0.2597,-0.1003,-0.3307,-0.2282
-0.2781,0.1207,0.8637,-0.4846,-0.9603,-0.7575,0.7347,0.9262,-0.6021,0.1518,0.2983,-0.6509,-0.0336
0.5606,-0.2898,0.3464,-0.0250,0.4731,0.7793,-0.2379,-0.4270,0.2634,-0.7103,-0.6648,0.6154,-0.1625
