0.2789,0.2789,0.0778,0.2753
-0.9500,-0.9500,0.9025,-0.8134
-0.4499,-0.4499,0.2024,-0.4349
-0.5536,-0.5536,0.3064,-0.5257
0.4729,0.4729,0.2237,0.4555
0.3534,0.3534,0.1249,0.3461
0.7844,0.7844,0.6152,0.7064
-0.8261,-0.8261,0.6825,-0.7353
-0.1562,-0.1562,0.0244,-0.1555
-0.9404,-0.9404,0.8844,-0.8078
-0.5627,-0.5627,0.3167,-0.5335
0.0107,0.0107,0.0001,0.0107
-0.9469,-0.9469,0.8967,-0.8116
-0.6023,-0.6023,0.3628,-0.5666
0.2998,0.2998,0.0899,0.2953
0.0899,0.0899,0.0081,0.0898
-0.5591,-0.5591,0.3126,-0.5304
0.1785,0.1785,0.0319,0.1776
0.6189,0.6189,0.3830,0.5801
-0.9870,-0.9870,0.9742,-0.8344
0.6116,0.6116,0.3741,0.5742
0.3963,0.3963,0.1570,0.3860
-0.3195,-0.3195,0.1021,-0.3141
-0.6890,-0.6890,0.4748,-0.6358
0.9144,0.9144,0.8362,0.7922
-0.3268,-0.3268,0.1068,-0.3210
-0.8145,-0.8145,0.6634,-0.7274
-0.8066,-0.8066,0.6506,-0.7219
0.6950,0.6950,0.4830,0.6404
0.2075,0.2075,0.0430,0.2060
0.6143,0.6143,0.3773,0.5764
0.4595,0.4595,0.2111,0.4435
0.0725,0.0725,0.0052,0.0724
0.9462,0.9462,0.8954,0.8112
-0.2429,-0.2429,0.0590,-0.2405
0.1041,0.1041,0.0108,0.1039
0.6588,0.6588,0.4340,0.6122
0.2370,0.2370,0.0562,0.2348
0.7234,0.7234,0.5233,0.6619
0.1547,0.1547,0.0239,0.1541
0.4091,0.4091,0.1674,0.3978
-0.9084,-0.9084,0.8251,-0.7885
-0.5442,-0.5442,0.2962,-0.5177
-0.4212,-0.4212,0.1774,-0.4089
-0.8404,-0.8404,0.7063,-0.7449
-0.5344,-0.5344,0.2856,-0.5093
-0.7980,-0.7980,0.6368,-0.7160
-0.4441,-0.4441,0.1972,-0.4296
0.2714,0.2714,0.0736,0.2681
-0.2703,-0.2703,0.0731,-0.2671
-0.2596,-0.2596,0.0674,-0.2567
-0.5810,-0.5810,0.3375,-0.5488
-0.4660,-0.4660,0.2172,-0.4494
0.8733,0.8733,0.7627,0.7665
0.2961,0.2961,0.0877,0.2918
0.2183,0.2183,0.0476,0.2165
-0.6577,-0.6577,0.4326,-0.6113
0.4583,0.4583,0.2100,0.4424
-0.6732,-0.6732,0.4532,-0.6235
-0.2411,-0.2411,0.0581,-0.2388
0.9790,0.9790,0.9585,0.8300
0.2800,0.2800,0.0784,0.2764
0.1139,0.1139,0.0130,0.1137
0.3692,0.3692,0.1363,0.3609
0.6857,0.6857,0.4702,0.6332
0.5520,0.5520,0.3047,0.5244
-0.5419,-0.5419,0.2937,-0.5158
-0.9358,-0.9358,0.8757,-0.8051
-0.3691,-0.3691,0.1362,-0.3608
-0.4645,-0.4645,0.2158,-0.4480
-0.5780,-0.5780,0.3341,-0.5464
0.8858,0.8858,0.7847,0.7744
0.7527,0.7527,0.5666,0.6836
-0.3706,-0.3706,0.1374,-0.3622
0.3109,0.3109,0.0966,0.3059
-0.2087,-0.2087,0.0436,-0.2072
0.8291,0.8291,0.6874,0.7373
-0.0823,-0.0823,0.0068,-0.0822
-0.4702,-0.4702,0.2211,-0.4531
-0.5067,-0.5067,0.2568,-0.4853
0.1227,0.1227,0.0151,0.1224
-0.4745,-0.4745,0.2252,-0.4569
0.1692,0.1692,0.0286,0.1684
0.7956,0.7956,0.6331,0.7143
-0.2012,-0.2012,0.0405,-0.1998
-0.5614,-0.5614,0.3151,-0.5323
0.9951,0.9951,0.9902,0.8388
0.0191,0.0191,0.0004,0.0191
-0.8182,-0.8182,0.6694,-0.7299
-0.9058,-0.9058,0.8204,-0.7869
-0.7807,-0.7807,0.6095,-0.7038
0.2549,0.2549,0.0650,0.2521
0.5842,0.5842,0.3412,0.5515
-0.1557,-0.1557,0.0242,-0.1551
-0.8729,-0.8729,0.7620,-0.7662
-0.2368,-0.2368,0.0561,-0.2346
0.9922,0.9922,0.9845,0.8373
0.0582,0.0582,0.0034,0.0582
0.9422,0.9422,0.8877,0.8088
0.7216,0.7216,0.5206,0.6606
-0.9770,-0.9770,0.9546,-0.8288
0.4414,0.4414,0.1949,0.4272
0.3634,0.3634,0.1321,0.3555
0.0739,0.0739,0.0055,0.0739
-0.4663,-0.4663,0.2175,-0.4496
0.2819,0.2819,0.0795,0.2782
-0.7769,-0.7769,0.6036,-0.7011
-0.1305,-0.1305,0.0170,-0.1301
-0.0926,-0.0926,0.0086,-0.0924
0.9076,0.9076,0.8238,0.7880
0.7517,0.7517,0.5651,0.6829
-0.4732,-0.4732,0.2239,-0.4558
0.0012,0.0012,0.0000,0.0012
-0.6427,-0.6427,0.4131,-0.5994
0.8253,0.8253,0.6810,0.7347
0.7410,0.7410,0.5491,0.6751
-0.4031,-0.4031,0.1625,-0.3923
0.2779,0.2779,0.0772,0.2743
0.2179,0.2179,0.0475,0.2162
-0.6943,-0.6943,0.4821,-0.6399
0.5250,0.5250,0.2756,0.5012
0.0788,0.0788,0.0062,0.0787
0.5573,0.5573,0.3105,0.5289
0.0607,0.0607,0.0037,0.0607
-0.9989,-0.9989,0.9977,-0.8409
-0.3517,-0.3517,0.1237,-0.3445
-0.9610,-0.9610,0.9236,-0.8198
0.8582,0.8582,0.7365,0.7567
0.7574,0.7574,0.5737,0.6871
0.6633,0.6633,0.4400,0.6157
-0.3850,-0.3850,0.1482,-0.3755
-0.8841,-0.8841,0.7817,-0.7734
0.7560,0.7560,0.5716,0.6860
0.8939,0.8939,0.7991,0.7795
-0.8287,-0.8287,0.6867,-0.7370
-0.0280,-0.0280,0.0008,-0.0280
-0.8616,-0.8616,0.7423,-0.7589
0.5212,0.5212,0.2717,0.4979
0.5317,0.5317,0.2827,0.5070
-0.7432,-0.7432,0.5524,-0.6767
-0.0494,-0.0494,0.0024,-0.0494
0.0996,0.0996,0.0099,0.0994
-0.4699,-0.4699,0.2208,-0.4528
0.7449,0.7449,0.5548,0.6779
-0.1537,-0.1537,0.0236,-0.1531
-0.5764,-0.5764,0.3322,-0.5450
0.0786,0.0786,0.0062,0.0785
0.4599,0.4599,0.2115,0.4438
-0.5977,-0.5977,0.3572,-0.5627
-0.3766,-0.3766,0.1418,-0.3677
0.9903,0.9903,0.9807,0.8362
0.2998,0.2998,0.0899,0.2953
-0.1238,-0.1238,0.0153,-0.1235
0.0352,0.0352,0.0012,0.0351
-0.7580,-0.7580,0.5746,-0.6875
-0.5506,-0.5506,0.3032,-0.5232
-0.3238,-0.3238,0.1049,-0.3182
0.1766,0.1766,0.0312,0.1757
-0.5398,-0.5398,0.2914,-0.5139
-0.5596,-0.5596,0.3131,-0.5308
-0.8580,-0.8580,0.7362,-0.7565
0.2622,0.2622,0.0688,0.2592
-0.5421,-0.5421,0.2939,-0.5160
0.8108,0.8108,0.6575,0.7249
0.7193,0.7193,0.5174,0.6588
-0.8583,-0.8583,0.7367,-0.7567
-0.5240,-0.5240,0.2746,-0.5003
0.3380,0.3380,0.1142,0.3316
-0.5715,-0.5715,0.3266,-0.5409
-0.7354,-0.7354,0.5408,-0.6709
0.8710,0.8710,0.7587,0.7650
0.1421,0.1421,0.0202,0.1416
-0.0547,-0.0547,0.0030,-0.0546
0.5692,0.5692,0.3240,0.5390
0.6150,0.6150,0.3782,0.5770
-0.6192,-0.6192,0.3834,-0.5804
-0.8061,-0.8061,0.6499,-0.7216
-0.1379,-0.1379,0.0190,-0.1375
-0.1528,-0.1528,0.0234,-0.1522
-0.0660,-0.0660,0.0043,-0.0659
0.4582,0.4582,0.2099,0.4423
0.3467,0.3467,0.1202,0.3398
0.9683,0.9683,0.9377,0.8239
-0.8032,-0.8032,0.6451,-0.7196
-0.1948,-0.1948,0.0379,-0.1935
-0.3214,-0.3214,0.1033,-0.3159
0.7233,0.7233,0.5232,0.6619
-0.5027,-0.5027,0.2527,-0.4818
-0.6196,-0.6196,0.3839,-0.5807
-0.1028,-0.1028,0.0106,-0.1026
-0.1562,-0.1562,0.0244,-0.1556
-0.4429,-0.4429,0.1962,-0.4286
-0.5004,-0.5004,0.2504,-0.4798
0.8465,0.8465,0.7166,0.7490
-0.1137,-0.1137,0.0129,-0.1135
0.7227,0.7227,0.5223,0.6614
0.1007,0.1007,0.0101,0.1005
-0.8988,-0.8988,0.8079,-0.7826
0.9986,0.9986,0.9971,0.8407
0.6721,0.6721,0.4517,0.6226
